id,book_id,price,quantity,title,order_id,image_url
1,extase,29.90,1,Êxtase,1,
2,extase,29.90,1,Êxtase,2,
3,extase,29.90,1,Êxtase,3,https://www.agenorgasparetto.com.br/images/extase.webp
4,extase,29.90,1,Êxtase,4,https://www.agenorgasparetto.com.br/images/extase.webp
5,extase,29.90,1,Êxtase,5,https://www.agenorgasparetto.com.br/images/extase.webp
6,extase,29.90,1,Êxtase,6,https://www.agenorgasparetto.com.br/images/extase.webp
7,extase,29.90,1,Êxtase,7,https://www.agenorgasparetto.com.br/images/extase.webp
8,extase,29.90,1,Êxtase,8,https://www.agenorgasparetto.com.br/images/extase.webp
9,extase,29.90,1,Êxtase,9,https://www.agenorgasparetto.com.br/images/extase.webp
10,extase,29.90,1,Êxtase,10,https://www.agenorgasparetto.com.br/images/extase.webp
11,extase,29.90,1,Êxtase,11,https://www.agenorgasparetto.com.br/images/extase.webp
12,sempre,29.90,1,Para sempre felizes: coisas de neto,11,https://www.agenorgasparetto.com.br/images/sempre.webp
13,regressantes,29.90,1,Regressantes,11,https://www.agenorgasparetto.com.br/images/regressantes.webp
14,regressantes,20.00,1,Regressantes,12,https://www.agenorgasparetto.com.br/images/regressantes.webp
15,regressantes,20.00,1,Regressantes,13,https://www.agenorgasparetto.com.br/images/regressantes.webp
16,regressantes,20.00,1,Regressantes,14,https://www.agenorgasparetto.com.br/images/regressantes.webp
17,regressantes,20.00,1,Regressantes,15,https://www.agenorgasparetto.com.br/images/regressantes.webp
18,regressantes,20.00,1,Regressantes,16,https://www.agenorgasparetto.com.br/images/regressantes.webp
19,regressantes,20.00,1,Regressantes,17,https://www.agenorgasparetto.com.br/images/regressantes.webp
20,regressantes,20.00,1,Regressantes,18,https://www.agenorgasparetto.com.br/images/regressantes.webp
21,regressantes,20.00,1,Regressantes,19,https://www.agenorgasparetto.com.br/images/regressantes.webp
22,regressantes,20.00,1,Regressantes,20,https://www.agenorgasparetto.com.br/images/regressantes.webp
23,regressantes,20.00,1,Regressantes,21,https://www.agenorgasparetto.com.br/images/regressantes.webp
24,regressantes,20.00,1,Regressantes,22,https://www.agenorgasparetto.com.br/images/regressantes.webp
25,regressantes,20.00,1,Regressantes,23,https://www.agenorgasparetto.com.br/images/regressantes.webp
26,regressantes,20.00,1,Regressantes,24,https://www.agenorgasparetto.com.br/images/regressantes.webp
27,regressantes,20.00,1,Regressantes,25,https://www.agenorgasparetto.com.br/images/regressantes.webp
28,regressantes,20.00,1,Regressantes,26,https://www.agenorgasparetto.com.br/images/regressantes.webp
29,regressantes,20.00,1,Regressantes,27,https://www.agenorgasparetto.com.br/images/regressantes.webp
30,regressantes,20.00,1,Regressantes,28,https://www.agenorgasparetto.com.br/images/regressantes.webp
31,regressantes,20.00,1,Regressantes,29,https://www.agenorgasparetto.com.br/images/regressantes.webp
32,regressantes,20.00,1,Regressantes,30,https://www.agenorgasparetto.com.br/images/regressantes.webp
33,regressantes,20.00,1,Regressantes,31,https://www.agenorgasparetto.com.br/images/regressantes.webp
34,regressantes,20.00,1,Regressantes,32,https://www.agenorgasparetto.com.br/images/regressantes.webp
35,regressantes,20.00,1,Regressantes,33,https://www.agenorgasparetto.com.br/images/regressantes.webp
36,regressantes,20.00,1,Regressantes,34,https://www.agenorgasparetto.com.br/images/regressantes.webp
37,regressantes,20.00,1,Regressantes,35,https://www.agenorgasparetto.com.br/images/regressantes.webp
38,regressantes,20.00,1,Regressantes,36,https://www.agenorgasparetto.com.br/images/regressantes.webp
39,regressantes,20.00,1,Regressantes,37,https://www.agenorgasparetto.com.br/images/regressantes.webp
40,regressantes,20.00,1,Regressantes,38,https://www.agenorgasparetto.com.br/images/regressantes.webp
41,regressantes,20.00,1,Regressantes,39,https://www.agenorgasparetto.com.br/images/regressantes.webp
42,regressantes,20.00,1,Regressantes,40,https://www.agenorgasparetto.com.br/images/regressantes.webp
43,regressantes,20.00,1,Regressantes,41,https://www.agenorgasparetto.com.br/images/regressantes.webp
44,regressantes,20.00,1,Regressantes,42,https://www.agenorgasparetto.com.br/images/regressantes.webp
45,regressantes,20.00,1,Regressantes,43,https://www.agenorgasparetto.com.br/images/regressantes.webp
46,regressantes,20.00,1,Regressantes,44,https://www.agenorgasparetto.com.br/images/regressantes.webp
47,regressantes,20.00,1,Regressantes,45,https://www.agenorgasparetto.com.br/images/regressantes.webp
48,regressantes,20.00,1,Regressantes,46,https://www.agenorgasparetto.com.br/images/regressantes.webp
49,regressantes,20.00,1,Regressantes,47,https://www.agenorgasparetto.com.br/images/regressantes.webp
50,regressantes,20.00,1,Regressantes,48,https://www.agenorgasparetto.com.br/images/regressantes.webp
51,regressantes,20.00,1,Regressantes,49,https://www.agenorgasparetto.com.br/images/regressantes.webp
52,regressantes,20.00,1,Regressantes,50,https://www.agenorgasparetto.com.br/images/regressantes.webp
53,regressantes,20.00,1,Regressantes,51,https://www.agenorgasparetto.com.br/images/regressantes.webp
54,regressantes,20.00,1,Regressantes,52,https://www.agenorgasparetto.com.br/images/regressantes.webp
55,regressantes,20.00,1,Regressantes,53,https://www.agenorgasparetto.com.br/images/regressantes.webp
56,regressantes,20.00,1,Regressantes,54,https://www.agenorgasparetto.com.br/images/regressantes.webp
57,regressantes,20.00,1,Regressantes,55,https://www.agenorgasparetto.com.br/images/regressantes.webp
58,regressantes,20.00,1,Regressantes,56,https://www.agenorgasparetto.com.br/images/regressantes.webp
59,regressantes,20.00,1,Regressantes,57,https://www.agenorgasparetto.com.br/images/regressantes.webp
60,regressantes,20.00,1,Regressantes,58,https://www.agenorgasparetto.com.br/images/regressantes.webp
61,regressantes,20.00,1,Regressantes,59,https://www.agenorgasparetto.com.br/images/regressantes.webp
62,regressantes,20.00,1,Regressantes,60,https://www.agenorgasparetto.com.br/images/regressantes.webp
63,regressantes,20.00,1,Regressantes,61,https://www.agenorgasparetto.com.br/images/regressantes.webp
64,regressantes,20.00,1,Regressantes,62,https://www.agenorgasparetto.com.br/images/regressantes.webp
65,regressantes,20.00,1,Regressantes,63,https://www.agenorgasparetto.com.br/images/regressantes.webp
66,regressantes,20.00,1,Regressantes,64,https://www.agenorgasparetto.com.br/images/regressantes.webp
67,regressantes,20.00,1,Regressantes,65,https://www.agenorgasparetto.com.br/images/regressantes.webp
68,regressantes,20.00,1,Regressantes,66,https://www.agenorgasparetto.com.br/images/regressantes.webp
69,regressantes,20.00,1,Regressantes,67,https://www.agenorgasparetto.com.br/images/regressantes.webp
70,regressantes,20.00,1,Regressantes,68,https://www.agenorgasparetto.com.br/images/regressantes.webp
71,regressantes,20.00,1,Regressantes,69,https://www.agenorgasparetto.com.br/images/regressantes.webp
72,regressantes,20.00,1,Regressantes,70,https://www.agenorgasparetto.com.br/images/regressantes.webp
73,regressantes,20.00,1,Regressantes,71,https://www.agenorgasparetto.com.br/images/regressantes.webp
74,regressantes,20.00,1,Regressantes,72,https://www.agenorgasparetto.com.br/images/regressantes.webp
75,regressantes,20.00,1,Regressantes,73,https://www.agenorgasparetto.com.br/images/regressantes.webp
76,regressantes,20.00,1,Regressantes,74,https://www.agenorgasparetto.com.br/images/regressantes.webp
77,regressantes,20.00,1,Regressantes,75,https://www.agenorgasparetto.com.br/images/regressantes.webp
78,regressantes,20.00,1,Regressantes,76,https://www.agenorgasparetto.com.br/images/regressantes.webp
79,regressantes,20.00,1,Regressantes,77,https://www.agenorgasparetto.com.br/images/regressantes.webp
80,regressantes,20.00,1,Regressantes,78,https://www.agenorgasparetto.com.br/images/regressantes.webp
81,regressantes,20.00,1,Regressantes,79,https://www.agenorgasparetto.com.br/images/regressantes.webp
82,regressantes,20.00,1,Regressantes,80,https://www.agenorgasparetto.com.br/images/regressantes.webp
83,regressantes,20.00,1,Regressantes,81,https://www.agenorgasparetto.com.br/images/regressantes.webp
84,regressantes,20.00,1,Regressantes,82,https://www.agenorgasparetto.com.br/images/regressantes.webp
85,regressantes,20.00,1,Regressantes,83,https://www.agenorgasparetto.com.br/images/regressantes.webp
86,regressantes,20.00,1,Regressantes,84,https://www.agenorgasparetto.com.br/images/regressantes.webp
87,regressantes,20.00,1,Regressantes,85,https://www.agenorgasparetto.com.br/images/regressantes.webp
88,regressantes,20.00,1,Regressantes,86,https://www.agenorgasparetto.com.br/images/regressantes.webp
89,regressantes,20.00,1,Regressantes,87,https://www.agenorgasparetto.com.br/images/regressantes.webp
90,regressantes,20.00,1,Regressantes,88,https://www.agenorgasparetto.com.br/images/regressantes.webp
91,regressantes,20.00,1,Regressantes,89,https://www.agenorgasparetto.com.br/images/regressantes.webp
92,regressantes,20.00,1,Regressantes,90,https://www.agenorgasparetto.com.br/images/regressantes.webp
93,regressantes,20.00,1,Regressantes,91,https://www.agenorgasparetto.com.br/images/regressantes.webp
94,regressantes,20.00,1,Regressantes,92,https://www.agenorgasparetto.com.br/images/regressantes.webp
95,regressantes,20.00,1,Regressantes,93,https://www.agenorgasparetto.com.br/images/regressantes.webp
96,regressantes,20.00,1,Regressantes,94,https://www.agenorgasparetto.com.br/images/regressantes.webp
97,regressantes,20.00,1,Regressantes,95,https://www.agenorgasparetto.com.br/images/regressantes.webp
98,regressantes,20.00,1,Regressantes,96,https://www.agenorgasparetto.com.br/images/regressantes.webp
99,regressantes,20.00,1,Regressantes,97,https://www.agenorgasparetto.com.br/images/regressantes.webp
100,regressantes,20.00,1,Regressantes,98,https://www.agenorgasparetto.com.br/images/regressantes.webp
101,regressantes,20.00,1,Regressantes,99,https://www.agenorgasparetto.com.br/images/regressantes.webp
102,regressantes,20.00,1,Regressantes,100,https://www.agenorgasparetto.com.br/images/regressantes.webp
103,regressantes,20.00,1,Regressantes,101,https://www.agenorgasparetto.com.br/images/regressantes.webp
104,regressantes,20.00,1,Regressantes,102,https://www.agenorgasparetto.com.br/images/regressantes.webp
105,regressantes,20.00,1,Regressantes,103,https://www.agenorgasparetto.com.br/images/regressantes.webp
106,regressantes,20.00,1,Regressantes,104,https://www.agenorgasparetto.com.br/images/regressantes.webp
107,regressantes,20.00,1,Regressantes,105,https://www.agenorgasparetto.com.br/images/regressantes.webp
108,regressantes,20.00,1,Regressantes,106,https://www.agenorgasparetto.com.br/images/regressantes.webp
109,regressantes,20.00,1,Regressantes,107,https://www.agenorgasparetto.com.br/images/regressantes.webp
110,regressantes,20.00,1,Regressantes,108,https://www.agenorgasparetto.com.br/images/regressantes.webp
111,regressantes,20.00,1,Regressantes,109,https://www.agenorgasparetto.com.br/images/regressantes.webp
112,regressantes,20.00,1,Regressantes,110,https://www.agenorgasparetto.com.br/images/regressantes.webp
113,regressantes,20.00,1,Regressantes,111,https://www.agenorgasparetto.com.br/images/regressantes.webp
114,regressantes,20.00,1,Regressantes,112,https://www.agenorgasparetto.com.br/images/regressantes.webp
115,regressantes,20.00,1,Regressantes,113,https://www.agenorgasparetto.com.br/images/regressantes.webp
116,regressantes,20.00,1,Regressantes,114,https://www.agenorgasparetto.com.br/images/regressantes.webp
117,regressantes,20.00,1,Regressantes,115,https://www.agenorgasparetto.com.br/images/regressantes.webp
118,regressantes,20.00,1,Regressantes,116,https://www.agenorgasparetto.com.br/images/regressantes.webp
119,extase,29.90,1,Êxtase,117,https://www.agenorgasparetto.com.br/images/extase.webp
120,sempre,29.90,1,Para sempre felizes: coisas de neto,117,https://www.agenorgasparetto.com.br/images/sempre.webp
121,regressantes,29.90,1,Regressantes,117,https://www.agenorgasparetto.com.br/images/regressantes.webp
122,extase,29.90,1,Êxtase,118,https://www.agenorgasparetto.com.br/images/extase.webp
123,sempre,29.90,1,Para sempre felizes: coisas de neto,118,https://www.agenorgasparetto.com.br/images/sempre.webp
124,regressantes,29.90,1,Regressantes,118,https://www.agenorgasparetto.com.br/images/regressantes.webp
125,extase,29.90,1,Êxtase,119,https://www.agenorgasparetto.com.br/images/extase.webp
126,sempre,29.90,1,Para sempre felizes: coisas de neto,119,https://www.agenorgasparetto.com.br/images/sempre.webp
127,regressantes,29.90,1,Regressantes,119,https://www.agenorgasparetto.com.br/images/regressantes.webp
128,regressantes,20.00,1,Regressantes,120,https://www.agenorgasparetto.com.br/images/regressantes.webp
129,regressantes,20.00,1,Regressantes,121,https://www.agenorgasparetto.com.br/images/regressantes.webp
130,regressantes,20.00,1,Regressantes,122,https://www.agenorgasparetto.com.br/images/regressantes.webp
131,regressantes,20.00,1,Regressantes,123,https://www.agenorgasparetto.com.br/images/regressantes.webp
132,regressantes,20.00,1,Regressantes,124,https://www.agenorgasparetto.com.br/images/regressantes.webp
133,regressantes,20.00,1,Regressantes,125,https://www.agenorgasparetto.com.br/images/regressantes.webp
134,regressantes,20.00,1,Regressantes,126,https://www.agenorgasparetto.com.br/images/regressantes.webp
135,extase,29.90,1,Êxtase,127,https://www.agenorgasparetto.com.br/images/extase.webp
136,sempre,29.90,1,Para sempre felizes: coisas de neto,127,https://www.agenorgasparetto.com.br/images/sempre.webp
137,regressantes,29.90,1,Regressantes,127,https://www.agenorgasparetto.com.br/images/regressantes.webp
138,regressantes,20.00,1,Regressantes,128,https://www.agenorgasparetto.com.br/images/regressantes.webp
